SampleID	Chr	Start	End	Gene
17296	1	241519590	241519723	FH
17296	3	10141847	10142188	VHL
17296	7	5973398	5973543	PMS2
17296	7	5977587	5977758	PMS2
17296	7	5978595	5978697	PMS2
17296	10	86756627	86756931	BMPR1A
17296	13	48303912	48304050	RB1
17296	16	68737415	68737464	CDH1
17296	17	31095309	31095370	NF1
17298	7	5977587	5977758	PMS2
17298	7	5978595	5978697	PMS2
17298	10	86756627	86756931	BMPR1A
17298	13	48303912	48304050	RB1
17299	10	86756627	86756931	BMPR1A
17299	13	48303912	48304050	RB1
17300	2	47369505	47369582	EPCAM
17300	7	5973398	5973543	PMS2
17300	7	5977587	5977758	PMS2
17300	7	5978595	5978697	PMS2
17300	10	86756627	86756931	BMPR1A
17300	13	48303912	48304050	RB1
17300	16	68737415	68737464	CDH1
17301	7	5977587	5977758	PMS2
17301	7	5978595	5978697	PMS2
17301	10	86756627	86756931	BMPR1A
17301	16	68737415	68737464	CDH1
17301	17	31095309	31095370	NF1
17304	7	5973398	5973543	PMS2
17304	7	5977587	5977758	PMS2
17304	7	5978595	5978697	PMS2
17304	17	31095309	31095370	NF1
17305	7	5973398	5973543	PMS2
17305	7	5977587	5977758	PMS2
17305	7	5978595	5978697	PMS2
17305	13	48303912	48304050	RB1
17305	16	68737415	68737464	CDH1
17306	7	5978595	5978697	PMS2
17306	10	86756627	86756931	BMPR1A
17306	13	48303912	48304050	RB1
17308	7	5973398	5973543	PMS2
17308	7	5977587	5977758	PMS2
17308	7	5978595	5978697	PMS2
17308	10	86756627	86756931	BMPR1A
17308	13	48303912	48304050	RB1
17308	16	68737415	68737464	CDH1
17309	7	5973398	5973543	PMS2
17309	10	86756627	86756931	BMPR1A
17309	13	48303912	48304050	RB1
17310	7	5973398	5973543	PMS2
17310	7	5977587	5977758	PMS2
17310	7	5978595	5978697	PMS2
17310	10	86756627	86756931	BMPR1A
17310	13	48303912	48304050	RB1
17310	16	68737415	68737464	CDH1
17311	1	241519590	241519723	FH
17311	7	5973398	5973543	PMS2
17311	7	5977587	5977758	PMS2
17311	7	5978595	5978697	PMS2
17311	16	68737415	68737464	CDH1
17311	17	31095309	31095370	NF1
17312	2	47369505	47369582	EPCAM
17312	7	5973398	5973543	PMS2
17312	7	5977587	5977758	PMS2
17312	7	5978595	5978697	PMS2
17312	10	86756627	86756931	BMPR1A
17312	13	48303912	48304050	RB1
17312	16	68737415	68737464	CDH1
17312	17	31095309	31095370	NF1
17313	7	5973398	5973543	PMS2
17313	7	5977587	5977758	PMS2
17313	7	5978595	5978697	PMS2
17313	10	86756627	86756931	BMPR1A
17313	13	48303912	48304050	RB1
17313	16	68737415	68737464	CDH1
17314	10	86756627	86756931	BMPR1A
17314	13	48303912	48304050	RB1
17315	13	48303912	48304050	RB1
17316	7	5978595	5978697	PMS2
17316	13	48303912	48304050	RB1
17317	7	5978595	5978697	PMS2
17319	2	47369505	47369582	EPCAM
17319	7	5973398	5973543	PMS2
17319	7	5977587	5977758	PMS2
17319	7	5978595	5978697	PMS2
17319	10	86756627	86756931	BMPR1A
17319	13	48303912	48304050	RB1
17319	16	68737415	68737464	CDH1
17320	2	47369505	47369582	EPCAM
17320	7	5973398	5973543	PMS2
17320	7	5977587	5977758	PMS2
17320	7	5978595	5978697	PMS2
17320	10	86756627	86756931	BMPR1A
17320	13	48303912	48304050	RB1
17320	16	68737415	68737464	CDH1
17326	7	5973398	5973543	PMS2
17326	7	5977587	5977758	PMS2
17326	7	5978595	5978697	PMS2
17326	10	86756627	86756931	BMPR1A
17326	13	48303912	48304050	RB1
17326	16	68737415	68737464	CDH1
17327	2	47369505	47369582	EPCAM
17327	7	5973398	5973543	PMS2
17327	7	5977587	5977758	PMS2
17327	7	5978595	5978697	PMS2
17327	10	86756627	86756931	BMPR1A
17327	13	48303912	48304050	RB1
17327	16	68737415	68737464	CDH1
17328	7	5973398	5973543	PMS2
17328	7	5977587	5977758	PMS2
17328	7	5978595	5978697	PMS2
17328	10	86756627	86756931	BMPR1A
17328	13	48303912	48304050	RB1
17328	16	68737415	68737464	CDH1
17329	7	5973398	5973543	PMS2
17329	7	5977587	5977758	PMS2
17329	7	5978595	5978697	PMS2
17329	10	86756627	86756931	BMPR1A
17329	13	48303912	48304050	RB1
17329	16	68737415	68737464	CDH1
17330	7	5973398	5973543	PMS2
17330	7	5977587	5977758	PMS2
17330	7	5978595	5978697	PMS2
17330	10	86756627	86756931	BMPR1A
17330	13	48303912	48304050	RB1
17333	7	5973398	5973543	PMS2
17333	7	5977587	5977758	PMS2
17333	7	5978595	5978697	PMS2
17333	10	86756627	86756931	BMPR1A
17333	13	48303912	48304050	RB1
17339	2	47369505	47369582	EPCAM
17339	7	5973398	5973543	PMS2
17339	7	5977587	5977758	PMS2
17339	7	5978595	5978697	PMS2
17339	12	120993519	120993707	HNF1A
17339	13	48303912	48304050	RB1
17356	1	241519590	241519723	FH
17356	2	47369505	47369582	EPCAM
17356	2	47783233	47783494	MSH6
17356	3	10141847	10142188	VHL
17356	7	5977587	5977758	PMS2
17356	7	5978595	5978697	PMS2
17356	10	86756627	86756931	BMPR1A
17356	13	32315462	32315679	BRCA2
17356	13	48303912	48304050	RB1
17356	16	68737415	68737464	CDH1
17356	17	31095309	31095370	NF1
17356	18	51030201	51030635	SMAD4
17356	19	1220580	1220718	STK11
17356	19	1227581	1228447	STK11
17360	1	241519590	241519723	FH
17360	2	47369505	47369582	EPCAM
17360	2	47783233	47783494	MSH6
17360	3	10141847	10142188	VHL
17360	7	5973398	5973543	PMS2
17360	7	5977587	5977758	PMS2
17360	7	5978595	5978697	PMS2
17360	10	86756627	86756931	BMPR1A
17360	13	48303912	48304050	RB1
17360	16	68737415	68737464	CDH1
17360	17	31095309	31095370	NF1
17361	1	241519590	241519723	FH
17361	2	47369505	47369582	EPCAM
17361	2	47783233	47783494	MSH6
17361	3	10141847	10142188	VHL
17361	7	5977587	5977758	PMS2
17361	7	5978595	5978697	PMS2
17361	10	86756627	86756931	BMPR1A
17361	13	32315462	32315679	BRCA2
17361	13	48303912	48304050	RB1
17361	16	68737415	68737464	CDH1
17361	17	31095309	31095370	NF1
17361	18	51030201	51030635	SMAD4
17361	19	1220580	1220718	STK11
17361	19	1227581	1228447	STK11
17362	1	241519590	241519723	FH
17362	2	47369505	47369582	EPCAM
17362	2	47783233	47783494	MSH6
17362	3	10141847	10142188	VHL
17362	7	5977587	5977758	PMS2
17362	7	5978595	5978697	PMS2
17362	10	86756627	86756931	BMPR1A
17362	12	120993519	120993707	HNF1A
17362	13	32315462	32315679	BRCA2
17362	13	48303912	48304050	RB1
17362	13	48380052	48380085	RB1
17362	16	68737415	68737464	CDH1
17362	17	17236900	17237151	FLCN
17362	17	31095309	31095370	NF1
17362	17	35119531	35119614	RAD51D
17362	18	51030201	51030635	SMAD4
17362	19	1220580	1220718	STK11
17364	1	241519590	241519723	FH
17364	2	47369505	47369582	EPCAM
17364	2	47783233	47783494	MSH6
17364	3	10141847	10142188	VHL
17364	7	5977587	5977758	PMS2
17364	7	5978595	5978697	PMS2
17364	10	86756627	86756931	BMPR1A
17364	13	32315462	32315679	BRCA2
17364	13	48303912	48304050	RB1
17364	16	68737415	68737464	CDH1
17364	17	31095309	31095370	NF1
17364	18	51030201	51030635	SMAD4
17364	19	1220580	1220718	STK11
17364	19	1227581	1228447	STK11
17365	7	5973398	5973543	PMS2
17365	7	5977587	5977758	PMS2
17365	7	5978595	5978697	PMS2
17365	13	48303912	48304050	RB1
17367	7	5973398	5973543	PMS2
17367	7	5977587	5977758	PMS2
17367	7	5978595	5978697	PMS2
17367	13	48303912	48304050	RB1
17368	7	5973398	5973543	PMS2
17368	7	5977587	5977758	PMS2
17368	7	5978595	5978697	PMS2
17369	7	5973398	5973543	PMS2
17369	7	5977587	5977758	PMS2
17369	7	5978595	5978697	PMS2
17369	10	86756627	86756931	BMPR1A
17369	13	48303912	48304050	RB1
17370	7	5973398	5973543	PMS2
17370	13	48303912	48304050	RB1
17371	1	241519590	241519723	FH
17371	2	47369505	47369582	EPCAM
17371	2	47783233	47783494	MSH6
17371	3	10141847	10142188	VHL
17371	7	5973398	5973543	PMS2
17371	7	5977587	5977758	PMS2
17371	7	5978595	5978697	PMS2
17371	10	86756627	86756931	BMPR1A
17371	11	32434699	32435346	WT1
17371	13	48303912	48304050	RB1
17371	16	68737415	68737464	CDH1
17371	17	31095309	31095370	NF1
17371	19	1220580	1220718	STK11
17373	7	5973398	5973543	PMS2
17374	7	5973398	5973543	PMS2
17374	7	5977587	5977758	PMS2
17374	7	5978595	5978697	PMS2
17376	7	5973398	5973543	PMS2
17376	7	5977587	5977758	PMS2
17376	7	5978595	5978697	PMS2
17382	7	5973398	5973543	PMS2
17384	7	5973398	5973543	PMS2
17386	7	5973398	5973543	PMS2
17386	13	48303912	48304050	RB1
17387	2	47369505	47369582	EPCAM
17387	7	5973398	5973543	PMS2
17387	10	86756627	86756931	BMPR1A
17387	13	48303912	48304050	RB1
17389	7	5973398	5973543	PMS2
17389	7	5977587	5977758	PMS2
17389	7	5978595	5978697	PMS2
17391	7	5973398	5973543	PMS2
17392	7	5973398	5973543	PMS2
17397	7	5973398	5973543	PMS2
17398	7	5973398	5973543	PMS2
17398	7	5977587	5977758	PMS2
17398	7	5982823	5982992	PMS2
17398	12	120993519	120993707	HNF1A
17399	7	5973398	5973543	PMS2
17399	7	5977587	5977758	PMS2
17399	7	5978595	5978697	PMS2
17401	7	5973398	5973543	PMS2
17401	7	5977587	5977758	PMS2
17402	7	5973398	5973543	PMS2
17402	13	48303912	48304050	RB1
17403	1	241519590	241519723	FH
17403	2	47369505	47369582	EPCAM
17403	2	47783233	47783494	MSH6
17403	3	10141847	10142188	VHL
17403	7	5973398	5973543	PMS2
17403	10	86756627	86756931	BMPR1A
17403	12	120993519	120993707	HNF1A
17403	13	48303912	48304050	RB1
17403	16	68737415	68737464	CDH1
17403	17	31095309	31095370	NF1
